<questions>
	<question>
		<type>Fill in the blank</type>
		<image></image>
		<sentence>It smacked my face all of a su_den.</sentence>
		<choice>h</choice>
		<choice>p</choice>
		<choice>d</choice>
		<choice>x</choice>
		<point>0</point>
		<point>0</point>
		<point>10</point>
		<point>0</point>
		<time>5</time>
	</question>
	
	<question>
		<type>Match the picture</type>
		<image>banana.png</image>
		<sentence>What's this?</sentence>
		<choice>apple</choice>
		<choice>banana</choice>
		<choice>car</choice>
		<choice>monkey</choice>
		<point>0</point>
		<point>10</point>
		<point>0</point>
		<point>0</point>
		<time>3</time>
	</question>
	
	<question>
		<type>Find the nouns</type>
		<image></image>
		<sentence>Last week, I lost my cellphone on the bus.</sentence>
        <choice>Last</choice><point>-2</point>
        <choice>week</choice><point>15</point>
        <choice>I</choice><point>-2</point>
        <choice>lost</choice><point>-2</point>
        <choice>my</choice><point>-2</point>
        <choice>cellphone</choice><point>10</point>
        <choice>on</choice><point>-2</point>
        <choice>the</choice><point>-2</point>
        <choice>bus</choice><point>10</point>
		<time>50</time>
	</question>
	
	<question>
		<type>Match the picture</type>
		<image>car.png</image>
		<sentence>What's that?</sentence>
		<choice>apple</choice>
		<choice>banana</choice>
		<choice>car</choice>
		<choice>monkey</choice>
		<point>0</point>
		<point>0</point>
		<point>10</point>
		<point>0</point>
		<time>3</time>
	</question>
	
	<question>
		<type>Fill in the blank</type>
		<image></image>
		<sentence>I went to my friend's b__thday last night.</sentence>
		<choice>ri</choice>
		<choice>ir</choice>
		<choice>ar</choice>
		<choice>ie</choice>
		<point>0</point>
		<point>15</point>
		<point>0</point>
		<point>0</point>
		<time>3</time>
	</question>
	
	<question>
		<type>Fill in the blank</type>
		<image></image>
		<sentence>Don't run in _ront of a moving car.</sentence>
		<choice>f</choice>
		<choice>u</choice>
		<choice>c</choice>
		<choice>q</choice>
		<point>10</point>
		<point>0</point>
		<point>0</point>
		<point>0</point>
		<time>5</time>
	</question>
	
	<question>
		<type>Find the verbs</type>
		<image></image>
		<sentence>It smacked my face all of a sudden.</sentence>
        <choice>It</choice><point>-2</point>
		<choice>smacked</choice><point>10</point>
        <choice>my</choice><point>-2</point>
		<choice>face</choice><point>-2</point>
		<choice>all</choice><point>-2</point>
        <choice>of</choice><point>-2</point>
        <choice>a</choice><point>-2</point>
        <choice>sudden</choice><point>-2</point>
		<time>5</time>
	</question>
	
	<question>
		<type>Pick out the words</type>
		<image></image>
		<sentence>Which of the words are vehicles?</sentence>
		<choice>Samurai</choice>
		<choice>Trucks</choice>
		<choice>Cars</choice>
		<choice>Trains</choice>
		<point>0</point>
		<point>10</point>
		<point>10</point>
		<point>15</point>
		<time>3</time>
	</question>
	
	<question>
		<type>Fill in the blank</type>
		<image></image>
		<sentence>I love my _unt.</sentence>
		<choice>a</choice>
		<choice>b</choice>
		<choice>c</choice>
		<choice>d</choice>
		<point>20</point>
		<point>0</point>
		<point>0</point>
		<point>0</point>
		<time>3</time>
	</question>
	
	<question>
		<type>Fill in the blank</type>
		<image></image>
		<sentence>My friend Billy eats ch__se.</sentence>
		<choice>aa</choice>
		<choice>ee</choice>
		<choice>cc</choice>
		<choice>zz</choice>
		<point>0</point>
		<point>15</point>
		<point>0</point>
		<point>0</point>
		<time>3</time>
	</question>
	
	<question>
		<type>Pick out the words</type>
		<image></image>
		<sentence>Which of the words below are verbs?</sentence>
		<choice>cheese</choice>
		<choice>run</choice>
		<choice>cat</choice>
		<choice>fly</choice>
		<point>0</point>
		<point>10</point>
		<point>0</point>
		<point>15</point>
		<time>3</time>
	</question>
	
	<question>
		<type>Pick out the words</type>
		<image></image>
		<sentence>Which of the words are animals or bugs?</sentence>
		<choice>Samurai</choice>
		<choice>pizza</choice>
		<choice>cats</choice>
		<choice>fly</choice>
		<point>0</point>
		<point>0</point>
		<point>10</point>
		<point>15</point>
		<time>3</time>
	</question>
	
	<question>
		<type>Find the misspelled word</type>
		<image></image>
		<sentence>Hint: The word rhymes with pasty...</sentence>
		<choice>monkey</choice>
		<choice>train</choice>
		<choice>tasti</choice>
		<choice>long</choice>
		<point>0</point>
		<point>0</point>
		<point>10</point>
		<point>0</point>
		<time>20</time>
	</question>
	
	<question>
		<type>Pick out the words</type>
		<image></image>
		<sentence>Which of the words below are not people?</sentence>
		<choice>beavers</choice>
		<choice>officers</choice>
		<choice>dentists</choice>
		<choice>dolphins</choice>
		<point>10</point>
		<point>0</point>
		<point>0</point>
		<point>20</point>
		<time>3</time>
	</question>
	
	<question>
		<type>Fill in the blank</type>
		<image></image>
		<sentence>You can make fire with matc_es.</sentence>
		<choice>x</choice>
		<choice>h</choice>
		<choice>o</choice>
		<choice>t</choice>
		<point>0</point>
		<point>10</point>
		<point>0</point>
		<point>0</point>
		<time>5</time>
	</question>
	
	<question>
		<type>Fill in the blank</type>
		<image></image>
		<sentence>Jamie slep_ with Morgan.</sentence>
		<choice>c</choice>
		<choice>y</choice>
		<choice>p</choice>
		<choice>t</choice>
		<point>0</point>
		<point>0</point>
		<point>0</point>
		<point>10</point>
		<time>5</time>
	</question>
	
	<question>
		<type>Fill in the blank</type>
		<image></image>
		<sentence>The month that comes after July is Augu_t.</sentence>
		<choice>s</choice>
		<choice>e</choice>
		<choice>n</choice>
		<choice>w</choice>
		<point>10</point>
		<point>0</point>
		<point>0</point>
		<point>0</point>
		<time>5</time>
	</question>
    
    <question>
		<type>Find the verbs</type>
		<image></image>
		<sentence>We watched the birds eat seeds and fly away.</sentence>
        <choice>We</choice><point>-2</point>
		<choice>watched</choice><point>10</point>
        <choice>the</choice><point>-2</point>
        <choice>birds</choice><point>-2</point>
        <choice>eat</choice><point>10</point>
        <choice>seeds</choice><point>-2</point>
        <choice>and</choice><point>-2</point>
        <choice>fly</choice><point>10</point>
        <choice>away</choice><point>-2</point>
		<time>15</time>
	</question>
    
    <question>
		<type>Find the verbs</type>
		<image></image>
		<sentence>A new baby zebra was born at the zoo last month.</sentence>
		<choice>A</choice><point>-2</point>
        <choice>new</choice><point>-2</point>
        <choice>baby</choice><point>-2</point>
        <choice>zebra</choice><point>-2</point>
        <choice>was</choice><point>-2</point>
        <choice>born</choice><point>10</point>
		<choice>at</choice><point>-2</point>
        <choice>the</choice><point>-2</point>
        <choice>zoo</choice><point>-2</point>
        <choice>last</choice><point>-2</point>
        <choice>month</choice><point>-2</point>
		<time>5</time>
	</question>
    
    <question>
		<type>Find the nouns</type>
		<image></image>
		<sentence>Two cute iguanas live in a cage in our classroom.</sentence>
        <choice>Two</choice><point>-2</point>
        <choice>cute</choice><point>-2</point>
		<choice>iguanas</choice><point>15</point>
        <choice>live</choice><point>-2</point>
        <choice>in</choice><point>-2</point>
        <choice>a</choice><point>-2</point>
        <choice>cage</choice><point>10</point>
        <choice>in</choice><point>-2</point>
        <choice>our</choice><point>-2</point>
        <choice>classroom</choice><point>10</point>
		<time>15</time>
	</question>
    
    <question>
		<type>Find the verbs</type>
		<image></image>
		<sentence>We wanted to skate last Friday.</sentence>
        <choice>We</choice><point>-2</point>
		<choice>wanted</choice><point>10</point>
        <choice>to</choice><point>-2</point>
        <choice>skate</choice><point>10</point>
        <choice>last</choice><point>-2</point>
        <choice>Friday</choice><point>-2</point>
        <time>10</time>
	</question>
	
	<question>
		<type>Fill in the blank</type>
		<image></image>
		<sentence>The state of _laska borders Canada.</sentence>
		<choice>T</choice>
		<choice>B</choice>
		<choice>L</choice>
		<choice>A</choice>
		<point>0</point>
		<point>0</point>
		<point>0</point>
		<point>10</point>
		<time>5</time>
	</question>
	
	<question>
		<type>Fill in the blank</type>
		<image></image>
		<sentence>A pilot flies an a_rplane.</sentence>
		<choice>y</choice>
		<choice>i</choice>
		<choice>b</choice>
		<choice>u</choice>
		<point>0</point>
		<point>10</point>
		<point>0</point>
		<point>0</point>
		<time>5</time>
	</question>
    
    <question>
		<type>Match the picture</type>
		<image>grapes.png</image>
		<sentence>What are the colors of these grapes?</sentence>
		<choice>red</choice>
		<choice>black</choice>
		<choice>orange</choice>
		<choice>green</choice>
		<point>10</point>
		<point>10</point>
		<point>0</point>
		<point>10</point>
		<time>15</time>
	</question>
	
	<question>
		<type>Fill in the blank</type>
		<image></image>
		<sentence>Sally plays with m_rbles.</sentence>
		<choice>t</choice>
		<choice>f</choice>
		<choice>e</choice>
		<choice>a</choice>
		<point>0</point>
		<point>0</point>
		<point>0</point>
		<point>10</point>
		<time>5</time>
	</question>
	
	<question>
		<type>Fill in the blank</type>
		<image></image>
		<sentence>One do_en birds means there are 12 birds.</sentence>
		<choice>s</choice>
		<choice>z</choice>
		<choice>c</choice>
		<choice>u</choice>
		<point>0</point>
		<point>10</point>
		<point>0</point>
		<point>0</point>
		<time>5</time>
	</question>
	
	<question>
		<type>Fill in the blank</type>
		<image></image>
		<sentence>Rudi climbed the tallest mo_ntain.</sentence>
		<choice>e</choice>
		<choice>v</choice>
		<choice>u</choice>
		<choice>t</choice>
		<point>0</point>
		<point>0</point>
		<point>10</point>
		<point>0</point>
		<time>5</time>
	</question>
    
    <question>
		<type>Find the misspelled word</type>
		<image></image>
		<sentence>Hint: The drinks have a lot of caffeine and adults like to drink them.</sentence>
		<choice>kofe</choice>
		<choice>water</choice>
		<choice>sandwich</choice>
		<choice>tae</choice>
		<point>10</point>
		<point>0</point>
		<point>0</point>
		<point>10</point>
		<time>20</time>
	</question>
    
    <question>
		<type>Find the misspelled word</type>
		<image></image>
		<sentence>Hint: Soft footwear that is worn indoors.</sentence>
		<choice>shoes</choice>
		<choice>sliper</choice>
		<choice>slipper</choice>
		<choice>hat</choice>
		<point>0</point>
		<point>15</point>
		<point>0</point>
		<point>0</point>
		<time>20</time>
	</question>
    
    <question>
		<type>Find the verbs</type>
		<image></image>
		<sentence>Penguins are birds that cannot fly.</sentence>
        <choice>Penguins</choice><point>-2</point>
        <choice>are</choice><point>-2</point>
        <choice>birds</choice><point>-2</point>
        <choice>that</choice><point>-2</point>
        <choice>cannot</choice><point>-2</point>
		<choice>fly</choice><point>10</point>
		<time>10</time>
	</question>
    
    <question>
		<type>Find the adjectives</type>
		<image></image>
		<sentence>The fat, dirty pig is playing in the mud.</sentence>
        <choice>The</choice><point>-2</point>
		<choice>fat</choice><point>10</point>
        <choice>dirty</choice><point>10</point>
        <choice>pig</choice><point>-2</point>
        <choice>is</choice><point>-2</point>
        <choice>playing</choice><point>-2</point>
        <choice>in</choice><point>-2</point>
        <choice>the</choice><point>-2</point>
        <choice>mud</choice><point>-2</point>
		<time>20</time>
	</question>
    
    <question>
		<type>Match the picture</type>
		<image>penguin.png</image>
		<sentence>What's this?</sentence>
		<choice>bird</choice>
		<choice>chicken</choice>
		<choice>cat</choice>
		<choice>penguin</choice>
		<point>0</point>
		<point>0</point>
		<point>0</point>
		<point>10</point>
		<time>3</time>
	</question>
    
    <question>
		<type>Find the nouns</type>
		<image></image>
		<sentence>Michael and Alex played a game after they finished their homework.</sentence>
		<choice>Michael</choice><point>15</point>
        <choice>and</choice><point>-2</point>
        <choice>Alex</choice><point>15</point>
        <choice>played</choice><point>-2</point>
        <choice>a</choice><point>-2</point>
        <choice>game</choice><point>10</point>
        <choice>after</choice><point>-2</point>
        <choice>they</choice><point>-2</point>
        <choice>finished</choice><point>-2</point>
        <choice>their</choice><point>-2</point>
        <choice>homework</choice><point>10</point>
		<time>20</time>
	</question>
    
    <question>
		<type>Match the picture</type>
		<image>surfing.png</image>
		<sentence>What's he doing?</sentence>
		<choice>running</choice>
		<choice>dancing</choice>
		<choice>surfing</choice>
		<choice>skiing</choice>
		<point>0</point>
		<point>0</point>
		<point>10</point>
		<point>0</point>
		<time>3</time>
	</question>
    
    <question>
		<type>Find the nouns</type>
		<image></image>
		<sentence>The sun rises in the east and sets in the west.</sentence>
        <choice>The</choice><point>-2</point>
		<choice>sun</choice><point>10</point>
        <choice>rises</choice><point>-2</point>
        <choice>in</choice><point>-2</point>
        <choice>the</choice><point>-2</point>
        <choice>east</choice><point>10</point>
        <choice>and</choice><point>-2</point>
        <choice>sets</choice><point>-2</point>
        <choice>in</choice><point>-2</point>
        <choice>the</choice><point>-2</point>
        <choice>west</choice><point>10</point>
		<time>15</time>
	</question>
    
    <question>
		<type>Find the nouns</type>
		<image></image>
		<sentence>Penguins are birds that cannot fly.</sentence>
		<choice>Penguins</choice><point>10</point>
        <choice>are</choice><point>-2</point>
        <choice>birds</choice><point>10</point>
        <choice>that</choice><point>-2</point>
        <choice>cannot</choice><point>-2</point>
		<choice>fly</choice><point>-2</point>
		<time>10</time>
	</question>
    
    <question>
		<type>Find the verbs</type>
		<image></image>
		<sentence>The sun rises in the east and sets in the west.</sentence>
		<choice>The</choice><point>-2</point>
		<choice>sun</choice><point>-2</point>
        <choice>rises</choice><point>10</point>
        <choice>in</choice><point>-2</point>
        <choice>the</choice><point>-2</point>
        <choice>east</choice><point>-2</point>
        <choice>and</choice><point>-2</point>
        <choice>sets</choice><point>10</point>
        <choice>in</choice><point>-2</point>
        <choice>the</choice><point>-2</point>
        <choice>west</choice><point>-2</point>
		<time>10</time>
	</question>
    
    <question>
		<type>Find the verbs</type>
		<image></image>
		<sentence>Michael and Alex played a game after they finished their homework.</sentence>
		<choice>Michael</choice><point>-2</point>
        <choice>and</choice><point>-2</point>
        <choice>Alex</choice><point>-2</point>
        <choice>played</choice><point>10</point>
        <choice>a</choice><point>-2</point>
        <choice>game</choice><point>-2</point>
        <choice>after</choice><point>-2</point>
        <choice>they</choice><point>-2</point>
        <choice>finished</choice><point>10</point>
        <choice>their</choice><point>-2</point>
        <choice>homework</choice><point>-2</point>
		<time>10</time>
	</question>
    
    <question>
		<type>Find the nouns</type>
		<image></image>
		<sentence>Alan and Sammy are playing football in the playground.</sentence>
		<choice>Alan</choice><point>10</point>
        <choice>and</choice><point>-2</point>
        <choice>Sammy</choice><point>10</point>
        <choice>are</choice><point>-2</point>
        <choice>playing</choice><point>-2</point>
        <choice>football</choice><point>10</point>
        <choice>in</choice><point>-2</point>
        <choice>the</choice><point>-2</point>
        <choice>playground</choice><point>10</point>
		<time>20</time>
	</question>
    
    <question>
		<type>Find the nouns</type>
		<image></image>
		<sentence>We saw a beautiful bird in the woods.</sentence>
        <choice>We</choice><point>-2</point>
        <choice>saw</choice><point>-2</point>
        <choice>a</choice><point>-2</point>
        <choice>beautiful</choice><point>-2</point>
		<choice>bird</choice><point>10</point>
        <choice>in</choice><point>-2</point>
        <choice>the</choice><point>-2</point>
        <choice>woods</choice><point>10</point>
		<time>10</time>
	</question>
    
    <question>
		<type>Find the nouns</type>
		<image></image>
		<sentence>Armando lives in Mexico.</sentence>
		<choice>Armando</choice><point>10</point>
        <choice>lives</choice><point>-2</point>
        <choice>in</choice><point>-2</point>
        <choice>Mexico</choice><point>10</point>
        <time>10</time>
	</question>
    
    <question>
		<type>Find the adjectives</type>
		<image></image>
		<sentence>The early bird catches the worm.</sentence>
        <choice>The</choice><point>-2</point>
		<choice>early</choice><point>10</point>
        <choice>bird</choice><point>-2</point>
        <choice>catches</choice><point>-2</point>
        <choice>the</choice><point>-2</point>
        <choice>worm</choice><point>-2</point>
		<time>5</time>
	</question>
    
    <question>
		<type>Find the adjectives</type>
		<image></image>
		<sentence>The little boy is carrying a big, round watermelon.</sentence>
        <choice>The</choice><point>-2</point>
		<choice>little</choice><point>10</point>
        <choice>boy</choice><point>-2</point>
        <choice>is</choice><point>-2</point>
        <choice>carrying</choice><point>-2</point>
        <choice>a</choice><point>-2</point>
        <choice>big</choice><point>10</point>
        <choice>round</choice><point>10</point>
        <choice>watermelon</choice><point>-2</point>
		<time>15</time>
	</question>
    
    <question>
		<type>Find the adjectives</type>
		<image></image>
		<sentence>Jan is a clever girl.</sentence>
        <choice>Jan</choice><point>-2</point>
        <choice>is</choice><point>-2</point>
        <choice>a</choice><point>-2</point>
		<choice>clever</choice><point>10</point>
		<choice>girl</choice><point>-2</point>
        <time>5</time>
	</question>
    
    <question>
		<type>Find the adjectives</type>
		<image></image>
		<sentence>When I was young, my elder sister often bought me a delicious ice-cream.</sentence>
        <choice>When</choice><point>-2</point>
        <choice>I</choice><point>-2</point>
        <choice>was</choice><point>-2</point>
		<choice>young</choice><point>10</point>
        <choice>my</choice><point>-2</point>
        <choice>elder</choice><point>10</point>
        <choice>sister</choice><point>-2</point>
        <choice>often</choice><point>-2</point>
        <choice>bought</choice><point>-2</point>
        <choice>me</choice><point>-2</point>
        <choice>a</choice><point>-2</point>
        <choice>delicious</choice><point>10</point>
        <choice>ice-cream</choice><point>-2</point>
		<time>15</time>
	</question>
    
    <question>
		<type>Find the adjectives</type>
		<image></image>
		<sentence>Cats are smarter than dogs.</sentence>
        <choice>Cats</choice><point>-2</point>
        <choice>are</choice><point>-2</point>
		<choice>smarter</choice><point>10</point>
        <choice>than</choice><point>-2</point>
        <choice>dogs</choice><point>-2</point>
		<time>5</time>
	</question>
    
    <question>
		<type>Pick out the words</type>
		<image></image>
		<sentence>Which of the words are vegetables?</sentence>
		<choice>cabbage</choice>
		<choice>cucumber</choice>
		<choice>potato</choice>
		<choice>carrot</choice>
		<point>10</point>
		<point>10</point>
		<point>10</point>
		<point>10</point>
		<time>3</time>
	</question>
    
    <question>
		<type>Pick out the words</type>
		<image></image>
		<sentence>Which of the words are jobs?</sentence>
		<choice>father</choice>
		<choice>teacher</choice>
		<choice>dentist</choice>
		<choice>woman</choice>
		<point>0</point>
		<point>10</point>
		<point>10</point>
		<point>0</point>
		<time>3</time>
	</question>
    
    <question>
		<type>Pick out the words</type>
		<image></image>
		<sentence>Which of the words describe the weather?</sentence>
		<choice>happy</choice>
		<choice>snowy</choice>
		<choice>quick</choice>
		<choice>low</choice>
		<point>0</point>
		<point>15</point>
		<point>0</point>
		<point>0</point>
		<time>3</time>
	</question>
    
    <question>
		<type>Pick out the words</type>
		<image></image>
		<sentence>Which of the words do not belong to days of the week?</sentence>
		<choice>Birthday</choice>
		<choice>Monday</choice>
		<choice>Friday</choice>
		<choice>June</choice>
		<point>10</point>
		<point>0</point>
		<point>0</point>
		<point>15</point>
		<time>3</time>
	</question>
    
    <question>
		<type>Find the misspelled word</type>
		<image></image>
		<sentence>Hint: The word(s) describes a person's age/appearance</sentence>
		<choice>yung</choice>
		<choice>qute</choice>
		<choice>black</choice>
		<choice>terrible</choice>
		<point>10</point>
		<point>15</point>
		<point>0</point>
		<point>0</point>
		<time>20</time>
	</question>
    
    <question>
		<type>Find the misspelled word</type>
		<image></image>
		<sentence>Hint: Food name(s)</sentence>
		<choice>potatos</choice>
		<choice>tomatos</choice>
		<choice>photos</choice>
		<choice>sandwichs</choice>
		<point>10</point>
		<point>10</point>
		<point>0</point>
		<point>10</point>
		<time>20</time>
	</question>
    
    <question>
		<type>Find the misspelled word</type>
		<image></image>
		<sentence>Hint: A set of printed sheets of paper contains daily or weekly news</sentence>
		<choice>magazine</choice>
		<choice>radio</choice>
		<choice>newpaper</choice>
		<choice>television</choice>
		<point>0</point>
		<point>0</point>
		<point>10</point>
		<point>0</point>
		<time>10</time>
	</question>
    
    <question>
		<type>Find the misspelled word</type>
		<image></image>
		<sentence>Hint: Country name(s)</sentence>
		<choice>Jepanese</choice>
		<choice>Vancouver</choice>
		<choice>China</choice>
		<choice>Gemany</choice>
		<point>10</point>
		<point>0</point>
		<point>0</point>
		<point>15</point>
		<time>20</time>
	</question>
    
    <question>
		<type>Find the misspelled word</type>
		<image></image>
		<sentence>Hint: only one word is misspelled</sentence>
		<choice>docter</choice>
		<choice>sailor</choice>
		<choice>soldier</choice>
		<choice>driver</choice>
		<point>10</point>
		<point>0</point>
		<point>0</point>
		<point>0</point>
		<time>10</time>
	</question>
    
    <question>
		<type>Match the picture</type>
		<image>panda.png</image>
		<sentence>What animal is it?</sentence>
		<choice>cat</choice>
		<choice>panda</choice>
		<choice>dog</choice>
		<choice>mouse</choice>
		<point>0</point>
		<point>10</point>
		<point>0</point>
		<point>0</point>
		<time>3</time>
	</question>
    
    <question>
		<type>Match the picture</type>
		<image>canada_flag.png</image>
		<sentence>What country is it?</sentence>
		<choice>England</choice>
		<choice>China</choice>
		<choice>Japan</choice>
		<choice>Canada</choice>
		<point>0</point>
		<point>0</point>
		<point>0</point>
		<point>10</point>
		<time>3</time>
	</question>
    
    <question>
		<type>Find the verbs</type>
		<image></image>
		<sentence>He swept the leaves up into a pile.</sentence>
        <choice>He</choice><point>-2</point>
		<choice>swept</choice><point>10</point>
        <choice>the</choice><point>-2</point>
        <choice>leaves</choice><point>-2</point>
        <choice>up</choice><point>-2</point>
        <choice>into</choice><point>-2</point>
        <choice>a</choice><point>-2</point>
        <choice>pile</choice><point>-2</point>
		<time>5</time>
	</question>
    
    <question>
		<type>Match the picture</type>
		<image>firefighter.png</image>
		<sentence>What's his job?</sentence>
		<choice>firefighter</choice>
		<choice>teacher</choice>
		<choice>farmer</choice>
		<choice>sailor</choice>
		<point>10</point>
		<point>0</point>
		<point>0</point>
		<point>0</point>
		<time>3</time>
	</question>
    
    <question>
		<type>Match the picture</type>
		<image>police_officer.png</image>
		<sentence>What's his job?</sentence>
		<choice>firefighter</choice>
		<choice>policeman</choice>
		<choice>waiter</choice>
		<choice>nurse</choice>
		<point>0</point>
		<point>10</point>
		<point>0</point>
		<point>0</point>
		<time>3</time>
	</question>
    
    <question>
		<type>Match the picture</type>
		<image>post_office.png</image>
		<sentence>Where is it?</sentence>
		<choice>hospital</choice>
		<choice>school</choice>
		<choice>post office</choice>
		<choice>bus station</choice>
		<point>0</point>
		<point>0</point>
		<point>10</point>
		<point>0</point>
		<time>3</time>
	</question>
    
    <question>
		<type>Find the verbs</type>
		<image></image>
		<sentence>Timmy hates seeing a doctor.</sentence>
        <choice>Timmy</choice><point>-2</point>
		<choice>hates</choice><point>10</point>
        <choice>seeing</choice><point>15</point>
        <choice>a</choice><point>-2</point>
        <choice>doctor</choice><point>-2</point>
		<time>5</time>
	</question>
    
    <question>
		<type>Match the picture</type>
		<image>dentist.png</image>
		<sentence>What's his job?</sentence>
		<choice>worker</choice>
		<choice>farmer</choice>
		<choice>teacher</choice>
		<choice>dentist</choice>
		<point>0</point>
		<point>0</point>
		<point>0</point>
		<point>10</point>
		<time>3</time>
	</question>
	
	<question>
		<type>Find the verbs</type>
		<image></image>
		<sentence>After finishing work on the project, Mary is going to have a long vocation.</sentence>
        <choice>After</choice><point>-2</point>
		<choice>finishing</choice><point>10</point>
        <choice>work</choice><point>15</point>
        <choice>on</choice><point>-2</point>
        <choice>the</choice><point>-2</point>
        <choice>project</choice><point>-2</point>
        <choice>Mary</choice><point>-2</point>
        <choice>is</choice><point>-2</point>
		<choice>going</choice><point>10</point>
		<choice>to</choice><point>-2</point>
		<choice>have</choice><point>10</point>
		<choice>a</choice><point>-2</point>
		<choice>long</choice><point>-2</point>
		<choice>vocation</choice><point>-2</point>
		<time>15</time>
	</question>
    
    <question>
		<type>Find the misspelled word</type>
		<image>chef.png</image>
		<sentence>Hint: look at the picture</sentence>
		<choice>chef</choice>
		<choice>cheaf</choice>
		<choice>chefs</choice>
		<choice>cheafs</choice>
		<point>0</point>
		<point>10</point>
		<point>0</point>
		<point>10</point>
		<time>10</time>
	</question>
    
    <question>
		<type>Match the picture</type>
		<image>postal_worker.png</image>
		<sentence>What's her job?</sentence>
		<choice>postman</choice>
		<choice>salesman</choice>
		<choice>teacher</choice>
		<choice>waitress</choice>
		<point>10</point>
		<point>0</point>
		<point>0</point>
		<point>0</point>
		<time>3</time>
	</question>
    
    <question>
		<type>Find the nouns</type>
		<image></image>
		<sentence>This Sunday, Tom and his parents are going to have dinner in a high-class restaurant.</sentence>
        <choice>This</choice><point>-2</point>
		<choice>Sunday</choice><point>10</point>
        <choice>Tom</choice><point>10</point>
        <choice>and</choice><point>-2</point>
        <choice>his</choice><point>-2</point>
        <choice>parents</choice><point>10</point>
        <choice>are</choice><point>-2</point>
        <choice>going</choice><point>-2</point>
        <choice>to</choice><point>-2</point>
        <choice>have</choice><point>-2</point>
        <choice>dinner</choice><point>10</point>
        <choice>in</choice><point>-2</point>
        <choice>a</choice><point>-2</point>
        <choice>high-class</choice><point>-2</point>
        <choice>restaurant</choice><point>10</point>
		<time>20</time>
	</question>
    
    <question>
		<type>Find the misspelled word</type>
		<image></image>
		<sentence>Hint: even number(s)</sentence>
		<choice>twe</choice>
		<choice>three</choice>
		<choice>fourty</choice>
		<choice>twelf</choice>
		<point>10</point>
		<point>0</point>
		<point>10</point>
		<point>10</point>
		<time>10</time>
	</question>
    
    <question>
		<type>Find the nouns</type>
		<image></image>
		<sentence>My dream is to be a truck driver.</sentence>
        <choice>My</choice><point>-2</point>
		<choice>dream</choice><point>10</point>
        <choice>is</choice><point>-2</point>
        <choice>to</choice><point>-2</point>
        <choice>be</choice><point>-2</point>
        <choice>a</choice><point>-2</point>
        <choice>truck</choice><point>10</point>
        <choice>driver</choice><point>10</point>
		<time>10</time>
	</question>
    
    <question>
		<type>Find the misspelled word</type>
		<image></image>
		<sentence>Hint: odd number(s)</sentence>
		<choice>eight</choice>
		<choice>thriteen</choice>
		<choice>wone</choice>
		<choice>six</choice>
		<point>0</point>
		<point>10</point>
		<point>10</point>
		<point>0</point>
		<time>10</time>
	</question>
    
    <question>
		<type>Find the nouns</type>
		<image></image>
		<sentence>Timmy is afraid of seeing a doctor.</sentence>
        <choice>Timmy</choice><point>10</point>
		<choice>is</choice><point>-2</point>
        <choice>afraid</choice><point>-2</point>
        <choice>of</choice><point>-2</point>
        <choice>seeing</choice><point>-2</point>
        <choice>a</choice><point>-2</point>
        <choice>doctor</choice><point>10</point>
		<time>10</time>
	</question>
    
    <question>
		<type>Find the adjectives</type>
		<image></image>
		<sentence>John is an excellent student and his parents are proud of him.</sentence>
        <choice>John</choice><point>-2</point>
		<choice>is</choice><point>-2</point>
        <choice>an</choice><point>-2</point>
        <choice>excellent</choice><point>10</point>
        <choice>student</choice><point>-2</point>
        <choice>and</choice><point>-2</point>
        <choice>his</choice><point>-2</point>
        <choice>parents</choice><point>-2</point>
        <choice>are</choice><point>-2</point>
        <choice>proud</choice><point>10</point>
        <choice>of</choice><point>-2</point>
        <choice>him</choice><point>-2</point>
		<time>5</time>
	</question>
    
    <question>
		<type>Fill in the blank</type>
		<image>nurse.png</image>
		<sentence>Amy is a nice n__se.</sentence>
		<choice>ir</choice>
		<choice>ur</choice>
		<choice>ui</choice>
		<choice>iu</choice>
		<point>0</point>
		<point>15</point>
		<point>0</point>
		<point>0</point>
		<time>3</time>
	</question>
    
    <question>
		<type>Fill in the blank</type>
		<image>police_station.png</image>
		<sentence>Billy's father is working in a poli_e station.</sentence>
		<choice>a</choice>
		<choice>e</choice>
		<choice>c</choice>
		<choice>z</choice>
		<point>0</point>
		<point>0</point>
		<point>15</point>
		<point>0</point>
		<time>3</time>
	</question>
    
    <question>
		<type>Fill in the blank</type>
		<image>restaurant.png</image>
		<sentence>I have a part-time job in a rest__rant.</sentence>
		<choice>au</choice>
		<choice>ou</choice>
		<choice>er</choice>
		<choice>ir</choice>
		<point>15</point>
		<point>0</point>
		<point>0</point>
		<point>0</point>
		<time>3</time>
	</question>
    
    <question>
		<type>Find the adjectives</type>
		<image></image>
		<sentence>David is a very good teacher.</sentence>
        <choice>David</choice><point>-2</point>
		<choice>is</choice><point>-2</point>
        <choice>a</choice><point>-2</point>
        <choice>very</choice><point>10</point>
        <choice>good</choice><point>10</point>
        <choice>teacher</choice><point>-2</point>
		<time>5</time>
	</question>
    
    <question>
		<type>Fill in the blank</type>
		<image>banana.png</image>
		<sentence>Monkeys like banan_s.</sentence>
		<choice>a</choice>
		<choice>e</choice>
		<choice>i</choice>
		<choice>o</choice>
		<point>15</point>
		<point>0</point>
		<point>0</point>
		<point>0</point>
		<time>3</time>
	</question>
    
    <question>
		<type>Find the adjectives</type>
		<image></image>
		<sentence>I'm very worried about my grandma because she is sick in hospital.</sentence>
        <choice>I</choice><point>-2</point>
		<choice>am</choice><point>-2</point>
        <choice>very</choice><point>10</point>
        <choice>worried</choice><point>10</point>
        <choice>about</choice><point>-2</point>
        <choice>my</choice><point>-2</point>
        <choice>grandma</choice><point>-2</point>
        <choice>because</choice><point>-2</point>
        <choice>she</choice><point>-2</point>
        <choice>is</choice><point>-2</point>
        <choice>sick</choice><point>10</point>
        <choice>in</choice><point>-2</point>
        <choice>hospital</choice><point>-2</point>
		<time>5</time>
	</question>
    
    <question>
		<type>Fill in the blank</type>
		<image>milk.png</image>
		<sentence>She has an allergy to dai_y products.</sentence>
		<choice>l</choice>
		<choice>e</choice>
		<choice>a</choice>
		<choice>r</choice>
		<point>0</point>
		<point>0</point>
		<point>0</point>
		<point>15</point>
		<time>3</time>
	</question>
    
    <question>
		<type>Pick out the words</type>
		<image></image>
		<sentence>Which of the words below are related to hospital?</sentence>
		<choice>dentist</choice>
		<choice>doctor</choice>
		<choice>cat</choice>
		<choice>nurse</choice>
		<point>10</point>
		<point>10</point>
		<point>0</point>
		<point>10</point>
		<time>3</time>
	</question>
    
    <question>
		<type>Match the picture</type>
		<image>student.png</image>
		<sentence>What's he doing?</sentence>
		<choice>sleeping</choice>
		<choice>reading</choice>
		<choice>writing</choice>
		<choice>speaking</choice>
		<point>0</point>
		<point>10</point>
		<point>0</point>
		<point>0</point>
		<time>3</time>
	</question>
    
    <question>
		<type>Find the misspelled word</type>
		<image></image>
		<sentence>Hint: day(s) of a week</sentence>
		<choice>birthday</choice>
		<choice>May</choice>
		<choice>Thirsday</choice>
		<choice>February</choice>
		<point>0</point>
		<point>0</point>
		<point>10</point>
		<point>0</point>
		<time>5</time>
	</question>
    
    <question>
		<type>Find the misspelled word</type>
		<image></image>
		<sentence>Hint: animal(s)</sentence>
		<choice>maose</choice>
		<choice>corn</choice>
		<choice>car</choice>
		<choice>elephent</choice>
		<point>10</point>
		<point>0</point>
		<point>0</point>
		<point>10</point>
		<time>10</time>
	</question>
    
    <question>
		<type>Pick out the words</type>
		<image>teacher.png</image>
		<sentence>Generally, which of the words below are related to this job?</sentence>
		<choice>school</choice>
		<choice>classroom</choice>
		<choice>book</choice>
		<choice>car</choice>
		<point>10</point>
		<point>10</point>
		<point>10</point>
		<point>0</point>
		<time>3</time>
	</question>
    
    <question>
		<type>Find the misspelled word</type>
		<image>milk.png</image>
		<sentence>Hint: dairy product(s)</sentence>
		<choice>chese</choice>
		<choice>buter</choice>
		<choice>flour</choice>
		<choice>rice</choice>
		<point>10</point>
		<point>10</point>
		<point>0</point>
		<point>0</point>
		<time>10</time>
	</question>
    
    <question>
		<type>Find the misspelled word</type>
		<image></image>
		<sentence>Hint: month(s) of a year</sentence>
		<choice>Friday</choice>
		<choice>Jenuary</choice>
		<choice>Apirl</choice>
		<choice>Saturday</choice>
		<point>0</point>
		<point>10</point>
		<point>10</point>
		<point>0</point>
		<time>10</time>
	</question>
    
    <question>
		<type>Fill in the blank</type>
		<image>truck_driver.png</image>
		<sentence>My _ncle is a truck driver.</sentence>
		<choice>a</choice>
		<choice>u</choice>
		<choice>i</choice>
		<choice>e</choice>
		<point>0</point>
		<point>10</point>
		<point>0</point>
		<point>0</point>
		<time>3</time>
	</question>
    
    <question>
		<type>Pick out the words</type>
		<image>doctor.png</image>
		<sentence>Generally, which of the words below are related to this job?</sentence>
		<choice>candy</choice>
		<choice>panda</choice>
		<choice>truck</choice>
		<choice>cough</choice>
		<point>0</point>
		<point>0</point>
		<point>0</point>
		<point>10</point>
		<time>3</time>
	</question>
    
    <question>
		<type>Find the verbs</type>
		<image></image>
		<sentence>Both Jim and Mary love playing basketball.</sentence>
        <choice>Both</choice><point>-2</point>
		<choice>Jim</choice><point>-2</point>
        <choice>and</choice><point>-2</point>
		<choice>Mary</choice><point>-2</point>
		<choice>love</choice><point>10</point>
        <choice>playing</choice><point>10</point>
        <choice>basketball</choice><point>-2</point>
		<time>5</time>
	</question>
    
    <question>
		<type>Fill in the blank</type>
		<image>mukmuk.png</image>
		<sentence>Mukmuk is the mascot for the 2010 Winter Ol_mpic Games.</sentence>
		<choice>i</choice>
		<choice>a</choice>
		<choice>y</choice>
		<choice>e</choice>
		<point>0</point>
		<point>0</point>
		<point>10</point>
		<point>0</point>
		<time>3</time>
	</question>
    
    <question>
		<type>Pick out the words</type>
		<image>restaurant.png</image>
		<sentence>Generally, which of the actions are related to this place?</sentence>
		<choice>drinking</choice>
		<choice>surfing</choice>
		<choice>skiing</choice>
		<choice>eating</choice>
		<point>10</point>
		<point>0</point>
		<point>0</point>
		<point>10</point>
		<time>3</time>
	</question>
    
    <question>
		<type>Find the nouns</type>
		<image></image>
		<sentence>The Great Wall in China is one of the Seven Wonders of the World.</sentence>
        <choice>The</choice><point>-2</point>
		<choice>Great</choice><point>-2</point>
        <choice>Wall</choice><point>10</point>
        <choice>in</choice><point>-2</point>
        <choice>China</choice><point>10</point>
        <choice>is</choice><point>-2</point>
        <choice>one</choice><point>-2</point>
        <choice>of</choice><point>-2</point>
        <choice>the</choice><point>-2</point>
        <choice>Seven</choice><point>-2</point>
        <choice>Wonders</choice><point>10</point>
        <choice>of</choice><point>-2</point>
        <choice>the</choice><point>-2</point>
        <choice>World</choice><point>10</point>
		<time>10</time>
	</question>
    
    <question>
		<type>Find the adjectives</type>
		<image></image>
		<sentence>What a pretty girl!</sentence>
        <choice>What</choice><point>-2</point>
		<choice>a</choice><point>-2</point>
        <choice>pretty</choice><point>10</point>
        <choice>girl</choice><point>-2</point>
		<time>5</time>
	</question>
    
    <question>
		<type>Find the verbs</type>
		<image></image>
		<sentence>Look! The mouse is running away.</sentence>
        <choice>Look</choice><point>10</point>
		<choice>The</choice><point>-2</point>
        <choice>mouse</choice><point>-2</point>
		<choice>is</choice><point>-2</point>
		<choice>running</choice><point>10</point>
        <choice>away</choice><point>-2</point>
		<time>5</time>
	</question>
    
    <question>
		<type>Match the picture</type>
		<image>chef.png</image>
		<sentence>What's he doing?</sentence>
		<choice>cooking</choice>
		<choice>dancing</choice>
		<choice>writing</choice>
		<choice>fighting</choice>
		<point>10</point>
		<point>0</point>
		<point>0</point>
		<point>0</point>
		<time>3</time>
	</question>
    
    <question>
		<type>Find the nouns</type>
		<image></image>
		<sentence>All works and no play makes Jack a dull boy.</sentence>
        <choice>All</choice><point>-2</point>
		<choice>works</choice><point>10</point>
        <choice>and</choice><point>-2</point>
		<choice>no</choice><point>-2</point>
		<choice>play</choice><point>10</point>
        <choice>makes</choice><point>-2</point>
        <choice>Jack</choice><point>10</point>
        <choice>a</choice><point>-2</point>
        <choice>dull</choice><point>-2</point>
        <choice>boy</choice><point>10</point>
		<time>5</time>
	</question>
    
    <question>
		<type>Match the picture</type>
		<image>hospital.png</image>
		<sentence>Where's it?</sentence>
		<choice>school</choice>
		<choice>cinema</choice>
		<choice>hospital</choice>
		<choice>zoo</choice>
		<point>0</point>
		<point>0</point>
		<point>10</point>
		<point>0</point>
		<time>3</time>
	</question>
    
    <question>
		<type>Find the nouns</type>
		<image></image>
		<sentence>Look! The mouse is running away.</sentence>
        <choice>Look</choice><point>-2</point>
		<choice>The</choice><point>-2</point>
        <choice>mouse</choice><point>10</point>
		<choice>is</choice><point>-2</point>
		<choice>running</choice><point>-2</point>
        <choice>away</choice><point>-2</point>
		<time>5</time>
	</question>
</questions>
